<?xml version="1.0" encoding="UTF-8"?>
<project-private xmlns="http://www.netbeans.org/ns/project-private/1">
    <editor-bookmarks xmlns="http://www.netbeans.org/ns/editor-bookmarks/2" lastBookmarkId="0"/>
    <open-files xmlns="http://www.netbeans.org/ns/projectui-open-files/2">
        <group>
            <file>file:/C:/xampp/htdocs/I101/includes/header.php</file>
            <file>file:/C:/xampp/htdocs/I101/cart.php</file>
            <file>file:/C:/xampp/htdocs/I101/books.php</file>
            <file>file:/C:/xampp/htdocs/I101/tutoring.php</file>
            <file>file:/C:/xampp/htdocs/I101/styles/book.css</file>
            <file>file:/C:/xampp/htdocs/I101/includes/footer.php</file>
            <file>file:/C:/xampp/htdocs/I101/styles/style.css</file>
        </group>
    </open-files>
</project-private>
